{"NEWS":{"ARTICLE":[{"TITLE":"Mark Mulder ends 2015 comeback bid","AUTHOR":"Igor","DATE":"09-01-2018","PUBLIC":"T","CONTENT":"38-year-old left-hander Mark Mulder will not be attempting another comeback this tear, according to Jerry Crasnick of ESPN and Baseball America. Mulder tried to return from a lengthy hiatus last year, but a comeback bid ended with a spring training injury in Angels camp last year. \"I just couldn't get where I needed to be,\" Mulder said. Mulder went 103-60 with a 4.18 ERA in nine years in the majors. He hasn't pitched in an MLB game since 2008."},{"TITLE":"Joe Blanton to throw at open workout Oct. 4","AUTHOR":"Brandon","DATE":"08-23-2018","PUBLIC":"T","CONTENT":"Pitcher Joe Blanton will hold an open workout and throw a bullpen session for interested teams on Oct. 4 in the Nashville area, reports MLBTradeRumors.com. Blanton, 34, made two starts for Oakland's Triple-A team last year. The report said he's healthy and motivated to pitch this season. In 2017 with the Angels, Blanton went 2-14 with a 6.04 ERA."},{"TITLE":"Angels, Garrett Richards settle on $3.2 million for 2015","AUTHOR":"Brandon","DATE":"11-21-2014","PUBLIC":"F","CONTENT":"The Angels and pitcher Garrett Richards have agreed to a contract for 2015 for $3.2 million, according to CBSSports.com Baseball Insider Jon Heyman. Richards was asking for $3.8 million while the Angels offered $2.4 million. Richards posted a 13-4 record in 2014 with a 2.61 ERA and 164 strikeouts for Los Angeles."},{"TITLE":"Angels sign Stewart, Herrmann to minor-league deals","AUTHOR":"Igor","DATE":"01-11-2017","PUBLIC":"F","CONTENT":"The Angels and pitcher Garrett Richards have agreed to a contract for 2017 for $3.2 million, according to CBSSports.com Baseball Insider Jon Heyman. Richards was asking for $3.8 million while the Angels offered $2.4 million. Richards posted a 13-4 record in 2016 with a 2.61 ERA and 164 strikeouts for Los Angeles."},{"TITLE":"New Story","AUTHOR":"New HL","DATE":"03-29-2022","PUBLIC":"T","CONTENT":"Content"}]}}